first_name,last_name,email,gender,income
Elnar,Sargison,esargison0@ebay.co.uk,Genderfluid,1638
Sunny,Coopper,scoopper1@loc.gov,Bigender,3408
Neils,Philott,nphilott2@home.pl,Genderfluid,4497
Chaunce,Espina,cespina3@guardian.co.uk,Genderqueer,2530
Deeann,Nazareth,dnazareth4@nifty.com,Genderqueer,3033
Dulciana,Seamans,dseamans5@ft.com,Polygender,4513
Malinde,Towlson,mtowlson6@drupal.org,Genderfluid,2842
Amabelle,Tomkinson,atomkinson7@icio.us,Male,3516
Caye,Haskell,chaskell8@tumblr.com,Bigender,3621
Perrine,Jasik,pjasik9@answers.com,Non-binary,4151
Sheena,McLeoid,smcleoida@sciencedaily.com,Genderqueer,2208
Bette-ann,Nanetti,bnanettib@businessinsider.com,Polygender,2834
Malissa,Vanns,mvannsc@hc360.com,Bigender,2822
Maurise,Ruffli,mrufflid@ifeng.com,Male,1857
Caron,Mateus,cmateuse@slate.com,Bigender,3116
Fawne,Godfroy,fgodfroyf@nba.com,Genderfluid,4096
Shandra,Lotze,slotzeg@dedecms.com,Genderfluid,2188
Constantia,Kirley,ckirleyh@instagram.com,Agender,4127
Martainn,Saturley,msaturleyi@soup.io,Genderfluid,3502
Jody,McClay,jmcclayj@marriott.com,Polygender,2832
Kimbra,Bladge,kbladgek@ox.ac.uk,Non-binary,1938
Celestine,Espinazo,cespinazol@clickbank.net,Bigender,3651
Waite,Rexworthy,wrexworthym@newyorker.com,Genderqueer,1677
Gilles,Braga,gbragan@cornell.edu,Genderqueer,2057
Cello,Wolstenholme,cwolstenholmeo@marketwatch.com,Bigender,1879
Rosemary,Garrettson,rgarrettsonp@marketwatch.com,Female,3711
Daisi,Ianizzi,dianizziq@wsj.com,Male,2103
Clea,Strute,cstruter@live.com,Female,4039
Shae,Bramo,sbramos@unblog.fr,Polygender,3071
Colet,Balk,cbalkt@bloomberg.com,Genderqueer,4539
Kathe,Moncreif,kmoncreifu@cnbc.com,Bigender,2875
Edd,McKeggie,emckeggiev@slate.com,Male,3738
Lucky,Lanney,llanneyw@webeden.co.uk,Bigender,3989
Sean,Souness,ssounessx@fda.gov,Female,2427
Concordia,Jouannot,cjouannoty@usnews.com,Genderfluid,3071
Shelagh,Gibb,sgibbz@youku.com,Female,2313
Antonino,MacCook,amaccook10@goo.ne.jp,Non-binary,3673
Angelique,Tuxwell,atuxwell11@elpais.com,Genderfluid,2538
Conrad,Finden,cfinden12@posterous.com,Non-binary,4222
Kinna,Nern,knern13@state.gov,Female,1865
Jeanie,Braker,jbraker14@ftc.gov,Genderfluid,3097
Samara,Sawdon,ssawdon15@yandex.ru,Female,3802
Artur,Domican,adomican16@typepad.com,Bigender,2201
Stacy,Du Plantier,sduplantier17@fotki.com,Male,2373
Hogan,Feast,hfeast18@seattletimes.com,Female,3334
Leelah,Sigfrid,lsigfrid19@dagondesign.com,Bigender,2736
Sander,Bolwell,sbolwell1a@com.com,Non-binary,3776
Terrie,Du Barry,tdubarry1b@usgs.gov,Male,3073
Elise,Haseman,ehaseman1c@diigo.com,Genderqueer,4665
Reidar,Wallbridge,rwallbridge1d@nasa.gov,Non-binary,2586
Bennie,Johananov,bjohananov1e@qq.com,Male,2230
Gustave,Hackwell,ghackwell1f@tiny.cc,Genderfluid,3940
Thoma,Sparks,tsparks1g@hhs.gov,Genderfluid,2146
Seline,Eddowis,seddowis1h@wired.com,Male,3294
Mill,Edmeads,medmeads1i@nhs.uk,Non-binary,3665
Babs,Pawden,bpawden1j@youtu.be,Non-binary,1516
Earvin,Humerstone,ehumerstone1k@youtube.com,Female,1569
Marilyn,Doag,mdoag1l@tuttocitta.it,Agender,3408
Sansone,Buckston,sbuckston1m@mtv.com,Genderfluid,3348
Cherrita,Ducker,cducker1n@newsvine.com,Genderfluid,3519
Alvina,Cartlidge,acartlidge1o@sciencedaily.com,Non-binary,3803
Wenonah,Devers,wdevers1p@google.it,Non-binary,2743
Ruby,Drackford,rdrackford1q@uol.com.br,Polygender,1534
Melva,Threader,mthreader1r@washington.edu,Male,2103
Katrine,Eastridge,keastridge1s@sina.com.cn,Polygender,2168
Hendrik,Phizackerly,hphizackerly1t@cdc.gov,Male,4554
Lorens,Barnsdale,lbarnsdale1u@dedecms.com,Polygender,3058
Pen,Scurrer,pscurrer1v@bbb.org,Female,4413
Kalila,Gruszka,kgruszka1w@engadget.com,Agender,3830
Tristan,Dassindale,tdassindale1x@hatena.ne.jp,Genderqueer,2677
Damara,Asplen,dasplen1y@pinterest.com,Genderqueer,4474
Maryjane,Gullen,mgullen1z@cmu.edu,Male,2749
Hanni,Lygoe,hlygoe20@unblog.fr,Female,3057
Erinn,Zack,ezack21@last.fm,Genderqueer,1913
Jeniece,Lancley,jlancley22@slashdot.org,Male,4409
Willard,Nickols,wnickols23@businesswire.com,Non-binary,4651
Janeva,Mettericke,jmettericke24@cornell.edu,Polygender,3851
Rasla,Bydaway,rbydaway25@ovh.net,Male,4390
Letisha,Vinau,lvinau26@posterous.com,Agender,4077
Frasier,Mc Cahey,fmccahey27@amazon.co.uk,Male,4332
Bil,Engley,bengley28@ted.com,Bigender,1603
Horacio,Peggs,hpeggs29@networksolutions.com,Polygender,2088
Guthrie,Aickin,gaickin2a@trellian.com,Genderqueer,3647
Mahmoud,McDowell,mmcdowell2b@fda.gov,Genderqueer,3408
Tuck,Yurocjhin,tyurocjhin2c@cornell.edu,Female,4394
Mendie,Cadden,mcadden2d@soundcloud.com,Non-binary,3935
Kevan,Cookman,kcookman2e@e-recht24.de,Non-binary,3669
Tina,McDiarmid,tmcdiarmid2f@cocolog-nifty.com,Non-binary,2383
Atalanta,Gilbane,agilbane2g@nsw.gov.au,Genderqueer,4665
Dewitt,Hansman,dhansman2h@who.int,Bigender,4019
Dori,Snalum,dsnalum2i@dell.com,Female,3278
Adriane,Karys,akarys2j@ed.gov,Genderqueer,4681
Tito,Huckerby,thuckerby2k@theguardian.com,Genderfluid,4629
Esma,Fullerton,efullerton2l@weibo.com,Non-binary,3928
Lib,McMorran,lmcmorran2m@usnews.com,Female,3705
Dolly,Flucker,dflucker2n@yandex.ru,Polygender,4208
Fidela,Seyffert,fseyffert2o@over-blog.com,Agender,3083
Anica,Hardison,ahardison2p@infoseek.co.jp,Agender,3328
Ernestus,Bunney,ebunney2q@yellowbook.com,Bigender,2021
Irvine,Hanscombe,ihanscombe2r@mapy.cz,Genderfluid,2383
Henderson,Norris,hnorris2s@epa.gov,Genderfluid,2442
Tarrance,Bussell,tbussell2t@google.de,Male,3639
Aime,Duddy,aduddy2u@list-manage.com,Genderfluid,3693
Sanders,Scading,sscading2v@comsenz.com,Female,3301
Petronella,Figin,pfigin2w@sphinn.com,Genderfluid,1501
Ainslie,Daville,adaville2x@sitemeter.com,Bigender,1999
Alvan,Folcarelli,afolcarelli2y@i2i.jp,Non-binary,1648
Parke,Eliot,peliot2z@unicef.org,Female,3950
Boony,Hair,bhair30@engadget.com,Non-binary,2208
Tally,Cracker,tcracker31@blogs.com,Non-binary,4444
Marie,Collins,mcollins32@eventbrite.com,Agender,4251
Maryl,Toller,mtoller33@fda.gov,Female,2112
Hurleigh,Pidcock,hpidcock34@mit.edu,Bigender,2256
Harwilll,McJarrow,hmcjarrow35@infoseek.co.jp,Genderqueer,2558
Vania,Hugenin,vhugenin36@hud.gov,Female,1554
Glennis,Softley,gsoftley37@google.com.au,Female,4134
Raffarty,O'Hoolahan,rohoolahan38@zimbio.com,Polygender,4464
Manolo,Barense,mbarense39@nydailynews.com,Non-binary,1615
Gianni,Platts,gplatts3a@apple.com,Genderqueer,1913
Marilin,Skellern,mskellern3b@admin.ch,Genderqueer,3248
Carr,Lundberg,clundberg3c@tmall.com,Bigender,2356
Benny,Seeman,bseeman3d@dropbox.com,Polygender,2269
Darn,Ferrolli,dferrolli3e@apache.org,Non-binary,3833
Lisle,Francesc,lfrancesc3f@storify.com,Genderqueer,4561
Tore,Biskupski,tbiskupski3g@tumblr.com,Male,4545
Carlee,Undy,cundy3h@state.gov,Genderqueer,3429
Corby,Pethick,cpethick3i@artisteer.com,Genderqueer,2764
Hayward,Crickmer,hcrickmer3j@e-recht24.de,Genderfluid,2557
Lotte,Dougharty,ldougharty3k@epa.gov,Polygender,1809
Cliff,Grutchfield,cgrutchfield3l@de.vu,Female,2169
Marcie,Soles,msoles3m@so-net.ne.jp,Genderfluid,2142
Jone,Gethin,jgethin3n@gravatar.com,Genderfluid,3303
Corine,Prettyman,cprettyman3o@godaddy.com,Genderfluid,3596
Anabelle,Haresign,aharesign3p@t-online.de,Genderfluid,2870
Dora,Reith,dreith3q@bloglines.com,Agender,4580
Marjory,Lanceley,mlanceley3r@joomla.org,Genderfluid,4008
Eden,Preon,epreon3s@live.com,Male,1886
Correy,Want,cwant3t@nbcnews.com,Genderqueer,2344
Isaac,Crichton,icrichton3u@sphinn.com,Bigender,2433
Amye,Gatus,agatus3v@economist.com,Non-binary,4582
Adelind,Treadgall,atreadgall3w@sfgate.com,Agender,2357
Frederigo,Carlisso,fcarlisso3x@weather.com,Non-binary,3309
Phylis,Ducarne,pducarne3y@tuttocitta.it,Male,1796
Silvester,Koppen,skoppen3z@tmall.com,Female,3501
Blisse,Filoniere,bfiloniere40@arstechnica.com,Male,4334
Ryley,Orvis,rorvis41@fotki.com,Non-binary,2835
Kathie,Scanderet,kscanderet42@spiegel.de,Polygender,2684
Phineas,Damant,pdamant43@nydailynews.com,Genderfluid,2740
Karole,Masham,kmasham44@upenn.edu,Agender,2022
Janek,Clohessy,jclohessy45@smh.com.au,Bigender,3291
Carson,Alchin,calchin46@deliciousdays.com,Male,2453
Karlen,Dusting,kdusting47@usa.gov,Polygender,1857
Delilah,Fenck,dfenck48@ow.ly,Male,2885
Netta,Mecchi,nmecchi49@cnet.com,Male,2230
Roseann,Blacklawe,rblacklawe4a@europa.eu,Female,2455
Norman,Hudless,nhudless4b@amazon.de,Genderfluid,1974
Lew,Breewood,lbreewood4c@google.co.uk,Male,2233
Marlowe,Tomanek,mtomanek4d@hp.com,Agender,1982
Daniela,Ventham,dventham4e@ovh.net,Male,3781
Gale,Cossar,gcossar4f@exblog.jp,Bigender,2499
Gertrude,Gladdish,ggladdish4g@de.vu,Genderqueer,2453
Melodee,Cardenoso,mcardenoso4h@accuweather.com,Agender,2852
Barrie,Ickowicz,bickowicz4i@squarespace.com,Bigender,2478
Constantin,Prigmore,cprigmore4j@nydailynews.com,Male,4361
Whitaker,Nottram,wnottram4k@boston.com,Genderqueer,1905
Nappy,Ciccone,nciccone4l@instagram.com,Polygender,2929
Vonny,Connal,vconnal4m@utexas.edu,Genderqueer,4270
Mimi,Cecere,mcecere4n@apache.org,Polygender,2535
Nikolas,Iannuzzelli,niannuzzelli4o@nhs.uk,Non-binary,1555
Annis,Phin,aphin4p@elegantthemes.com,Female,3099
Neda,Norcross,nnorcross4q@friendfeed.com,Non-binary,2833
Gipsy,Alejandre,galejandre4r@scribd.com,Genderfluid,2144
Corina,Mingus,cmingus4s@businessinsider.com,Female,2112
Orlando,Paulat,opaulat4t@friendfeed.com,Polygender,3872
Zaccaria,Ollie,zollie4u@xing.com,Polygender,2719
Ianthe,Bedrosian,ibedrosian4v@uol.com.br,Male,4219
Baron,Chuter,bchuter4w@bloglovin.com,Male,1812
Yolane,Kitchingman,ykitchingman4x@livejournal.com,Agender,2715
Seline,Draaisma,sdraaisma4y@wired.com,Bigender,3593
Boot,Mertel,bmertel4z@msu.edu,Female,3014
Roy,Bell,rbell50@princeton.edu,Male,3583
Laurianne,Trevna,ltrevna51@istockphoto.com,Polygender,3101
Issi,Dwight,idwight52@storify.com,Male,1826
Dasya,Rewcassell,drewcassell53@qq.com,Male,3178
Calhoun,De Maine,cdemaine54@last.fm,Genderfluid,3424
Karylin,Beever,kbeever55@wired.com,Genderfluid,2167
Philippine,Beaument,pbeaument56@bloglines.com,Bigender,4662
Colly,Aguirrezabala,caguirrezabala57@guardian.co.uk,Polygender,2522
Norah,Cartlidge,ncartlidge58@theatlantic.com,Agender,2009
Kathie,Ludlem,kludlem59@newsvine.com,Polygender,3165
Kenneth,Cuttler,kcuttler5a@ucoz.ru,Female,4288
Brandon,Kurth,bkurth5b@wikipedia.org,Genderqueer,3719
Marybeth,Lauxmann,mlauxmann5c@blogtalkradio.com,Male,2357
Dacy,Zywicki,dzywicki5d@smh.com.au,Agender,3552
Ozzy,Cork,ocork5e@blinklist.com,Polygender,4606
Rabi,Beaston,rbeaston5f@fema.gov,Polygender,3167
Krispin,Lidgertwood,klidgertwood5g@gizmodo.com,Polygender,4595
Arther,Mounfield,amounfield5h@foxnews.com,Genderqueer,2117
Kaylee,Hutchinges,khutchinges5i@list-manage.com,Genderqueer,2609
Mimi,Hakewell,mhakewell5j@webeden.co.uk,Male,1609
Cherlyn,Guppey,cguppey5k@indiatimes.com,Polygender,3994
Maurita,Shower,mshower5l@blogs.com,Male,3770
Halli,Lawrinson,hlawrinson5m@skype.com,Non-binary,3753
Aurea,Lansley,alansley5n@mapquest.com,Male,3233
Barbabas,Normanville,bnormanville5o@mail.ru,Male,4192
Ruben,Chislett,rchislett5p@nifty.com,Male,1554
Sanford,Wasielewicz,swasielewicz5q@clickbank.net,Agender,1535
Buffy,Petrie,bpetrie5r@netvibes.com,Female,3287
Deane,Karczinski,dkarczinski5s@weebly.com,Non-binary,3857
Reube,Yitzowitz,ryitzowitz5t@goo.ne.jp,Non-binary,2896
Darcey,Hatt,dhatt5u@blogspot.com,Female,4640
Retha,Wayte,rwayte5v@yale.edu,Genderfluid,2321
Law,Jemmison,ljemmison5w@mac.com,Female,3537
Candra,Gifford,cgifford5x@dot.gov,Male,4435
Eldin,Burchfield,eburchfield5y@lycos.com,Bigender,2644
Guido,Crielly,gcrielly5z@cdbaby.com,Female,3639
Nap,Grocott,ngrocott60@angelfire.com,Bigender,1718
Gabriell,Benne,gbenne61@fotki.com,Bigender,3472
Adena,Fosdike,afosdike62@nydailynews.com,Agender,2084
Aridatha,Skentelbury,askentelbury63@boston.com,Bigender,2781
Rosabel,Wane,rwane64@t-online.de,Female,2006
Osbourne,Evemy,oevemy65@eepurl.com,Genderfluid,2783
Odette,Bellfield,obellfield66@usgs.gov,Genderqueer,2686
Jacinta,Reardon,jreardon67@unicef.org,Male,2644
Claybourne,Roughley,croughley68@columbia.edu,Non-binary,2535
Pren,Kingaby,pkingaby69@phpbb.com,Agender,3990
Marmaduke,Moncrefe,mmoncrefe6a@pen.io,Bigender,1919
Junette,Hallgarth,jhallgarth6b@ow.ly,Genderqueer,4151
Demott,Rean,drean6c@de.vu,Non-binary,3933
Brodie,MacAne,bmacane6d@opera.com,Genderqueer,3171
Sapphire,Osgood,sosgood6e@engadget.com,Agender,1699
Adlai,Vernazza,avernazza6f@rambler.ru,Female,1510
Knox,Tomney,ktomney6g@tiny.cc,Female,2517
Abbe,Geeves,ageeves6h@umn.edu,Female,3035
Brooks,Sea,bsea6i@infoseek.co.jp,Polygender,4659
Britt,Pearcy,bpearcy6j@independent.co.uk,Female,1911
Selena,Nind,snind6k@surveymonkey.com,Polygender,4219
Tamarah,Skase,tskase6l@nymag.com,Genderfluid,2866
Sherlock,Berthelet,sberthelet6m@ifeng.com,Male,3397
Barris,Delmonti,bdelmonti6n@hhs.gov,Female,4563
Kiri,Keynd,kkeynd6o@mapquest.com,Female,3589
Aurelea,Archibald,aarchibald6p@disqus.com,Female,4402
Hill,Brim,hbrim6q@ftc.gov,Non-binary,1751
Malory,Lago,mlago6r@icq.com,Polygender,4496
Frederic,McMarquis,fmcmarquis6s@blogs.com,Polygender,4323
Verney,Fawley,vfawley6t@booking.com,Genderqueer,2335
Karen,Griffe,kgriffe6u@tripod.com,Polygender,4107
Sayers,Fynan,sfynan6v@usa.gov,Male,1520
Ximenez,Newborn,xnewborn6w@sciencedaily.com,Genderfluid,3714
Lizette,Hallahan,lhallahan6x@irs.gov,Bigender,2672
Myca,Yakhin,myakhin6y@edublogs.org,Non-binary,3890
Carmella,Hartgill,chartgill6z@webeden.co.uk,Agender,2596
Minda,Iacovino,miacovino70@unesco.org,Agender,2832
Jaclin,Feaks,jfeaks71@nydailynews.com,Bigender,3616
Fidela,Stivani,fstivani72@oracle.com,Bigender,1689
Abagael,Brounfield,abrounfield73@instagram.com,Genderqueer,3476
Anni,Manjot,amanjot74@fda.gov,Non-binary,2191
Ruthe,Hussy,rhussy75@marriott.com,Agender,4282
Agna,Bygrave,abygrave76@mit.edu,Male,2542
Letizia,Gilkes,lgilkes77@xing.com,Non-binary,4687
Danica,Kimbrough,dkimbrough78@joomla.org,Agender,2230
Teddie,Trimming,ttrimming79@shareasale.com,Male,2247
Roxana,Ianittello,rianittello7a@tripod.com,Agender,2726
Buckie,Castiglione,bcastiglione7b@shareasale.com,Genderqueer,2392
Blythe,Kalker,bkalker7c@purevolume.com,Agender,4279
Aarika,Kaesmakers,akaesmakers7d@lycos.com,Agender,4185
Sauveur,Rau,srau7e@ow.ly,Agender,2250
Callean,La Grange,clagrange7f@archive.org,Male,1827
Kinnie,Bateman,kbateman7g@telegraph.co.uk,Polygender,3940
Burlie,Notley,bnotley7h@techcrunch.com,Genderqueer,2672
Cullie,Nast,cnast7i@earthlink.net,Male,1811
Guillermo,Banfield,gbanfield7j@pbs.org,Non-binary,2792
Gusella,Arney,garney7k@dion.ne.jp,Agender,3046
Worth,Spoure,wspoure7l@mtv.com,Genderqueer,4080
Nissa,Heinle,nheinle7m@huffingtonpost.com,Genderqueer,2518
Karon,Bahike,kbahike7n@surveymonkey.com,Bigender,2745
Lucretia,Joannidi,ljoannidi7o@go.com,Bigender,2223
Sophey,Minico,sminico7p@devhub.com,Genderfluid,1634
Rossy,Hixley,rhixley7q@com.com,Polygender,2683
Cornie,Behnen,cbehnen7r@furl.net,Bigender,2247
Lief,Phibb,lphibb7s@dropbox.com,Agender,2285
Dacey,Phayre,dphayre7t@addthis.com,Male,4079
Cyndy,O'Shee,coshee7u@desdev.cn,Genderqueer,2093
Quincy,Saiger,qsaiger7v@biglobe.ne.jp,Agender,2406
Doreen,Redmayne,dredmayne7w@umn.edu,Polygender,1998
Maud,Di Iorio,mdiiorio7x@house.gov,Male,2492
Ileana,Feenan,ifeenan7y@seattletimes.com,Female,3882
Bren,Drejer,bdrejer7z@acquirethisname.com,Female,3588
Conroy,Honisch,chonisch80@networksolutions.com,Genderfluid,1979
Mohammed,McGonigal,mmcgonigal81@narod.ru,Genderqueer,2952
Gherardo,Shakeshaft,gshakeshaft82@cyberchimps.com,Male,2193
Brandise,Traise,btraise83@reuters.com,Male,3053
Mariam,Tibald,mtibald84@theglobeandmail.com,Bigender,1992
Dionysus,Blakelock,dblakelock85@squarespace.com,Genderqueer,3498
Ferrel,Feldhorn,ffeldhorn86@canalblog.com,Genderfluid,3748
Joelle,Winks,jwinks87@google.com.br,Non-binary,1577
Melina,Gooley,mgooley88@51.la,Bigender,3711
Andeee,Frapwell,afrapwell89@marriott.com,Genderfluid,1627
Tadd,Mathouse,tmathouse8a@networksolutions.com,Genderfluid,1882
Isa,Prescote,iprescote8b@about.com,Non-binary,2533
Cullie,Milton-White,cmiltonwhite8c@pbs.org,Agender,2089
Loy,Seery,lseery8d@twitter.com,Agender,3907
Carolynn,Tevlin,ctevlin8e@etsy.com,Genderqueer,2002
Cross,Le Maitre,clemaitre8f@flickr.com,Female,4192
Faydra,Wards,fwards8g@dailymotion.com,Genderqueer,3320
Jewell,Da Costa,jdacosta8h@sakura.ne.jp,Polygender,3359
Conrado,Sima,csima8i@drupal.org,Genderqueer,3395
Kaspar,Merrin,kmerrin8j@stumbleupon.com,Genderfluid,2912
Yelena,Mogenot,ymogenot8k@tumblr.com,Polygender,3322
Maryjo,Dable,mdable8l@ow.ly,Bigender,4578
Frederigo,MacSherry,fmacsherry8m@usa.gov,Bigender,3764
Cchaddie,Lago,clago8n@gizmodo.com,Agender,1571
Jone,McMaster,jmcmaster8o@go.com,Non-binary,2171
Margo,Date,mdate8p@nymag.com,Bigender,4300
Janie,Gatecliff,jgatecliff8q@cmu.edu,Female,3696
Frasier,Arrault,farrault8r@sbwire.com,Genderqueer,1930
Rainer,Brotherwood,rbrotherwood8s@twitpic.com,Polygender,3738
Luz,Fairbanks,lfairbanks8t@skyrock.com,Agender,2363
Levin,Seamark,lseamark8u@freewebs.com,Genderfluid,2875
Gabe,Sambrook,gsambrook8v@hp.com,Male,3590
Nickie,Meddings,nmeddings8w@artisteer.com,Genderqueer,4252
Barn,Adamski,badamski8x@go.com,Male,3432
Bax,Cohn,bcohn8y@delicious.com,Bigender,2551
Ree,Falk,rfalk8z@si.edu,Female,3919
Thain,Pountain,tpountain90@alexa.com,Agender,1686
Penny,Wallentin,pwallentin91@yellowpages.com,Polygender,3687
Corbet,Wyllcocks,cwyllcocks92@yandex.ru,Genderfluid,3371
Rog,Pitcock,rpitcock93@elpais.com,Genderfluid,2563
Taylor,Harrington,tharrington94@booking.com,Genderfluid,4303
Charmane,Iacapucci,ciacapucci95@goodreads.com,Non-binary,3545
Lissi,Hodgets,lhodgets96@typepad.com,Non-binary,4543
Toddy,Showers,tshowers97@nydailynews.com,Female,1627
Daniella,Libri,dlibri98@ocn.ne.jp,Genderqueer,2584
Rosanna,Pullin,rpullin99@marketwatch.com,Genderfluid,4495
Halsey,Clamo,hclamo9a@businesswire.com,Genderfluid,2996
Kata,Seldon,kseldon9b@cbslocal.com,Non-binary,3704
Blanca,Kik,bkik9c@furl.net,Polygender,3515
Renae,Eilers,reilers9d@1688.com,Genderqueer,1918
Corbett,Basham,cbasham9e@vkontakte.ru,Male,4656
Kathrine,Pilmoor,kpilmoor9f@irs.gov,Agender,2017
Mozelle,Geal,mgeal9g@cloudflare.com,Genderfluid,2413
Davida,Juste,djuste9h@weibo.com,Agender,3604
Merci,Dewhirst,mdewhirst9i@patch.com,Female,3613
Mychal,Caghan,mcaghan9j@yale.edu,Female,4526
Zack,Heaker,zheaker9k@hc360.com,Genderqueer,4437
Derrek,Widdowson,dwiddowson9l@tiny.cc,Polygender,3800
Gardiner,O'Lahy,golahy9m@cisco.com,Polygender,3931
Waiter,Stuckow,wstuckow9n@cocolog-nifty.com,Genderqueer,3696
Alene,Spadari,aspadari9o@opensource.org,Genderqueer,2499
Adelaide,Buckell,abuckell9p@yahoo.co.jp,Genderfluid,2432
Adrian,Shardlow,ashardlow9q@google.pl,Genderfluid,2649
Delmore,McGrale,dmcgrale9r@dedecms.com,Genderfluid,3197
Anthea,Dunican,adunican9s@vimeo.com,Bigender,3727
Maddi,Belderfield,mbelderfield9t@blog.com,Genderqueer,3832
Kimmy,Corbert,kcorbert9u@cloudflare.com,Genderqueer,2806
Edgar,Berston,eberston9v@mysql.com,Non-binary,4375
Lowell,Cordel,lcordel9w@so-net.ne.jp,Female,1594
Alverta,Jealous,ajealous9x@example.com,Genderfluid,4437
Ethelin,Dochon,edochon9y@hc360.com,Genderfluid,1685
Gabriel,Keedy,gkeedy9z@oaic.gov.au,Bigender,2425
Georgeanna,Feakins,gfeakinsa0@ow.ly,Agender,2496
Ford,Bewly,fbewlya1@google.it,Non-binary,3990
Danica,Lory,dlorya2@howstuffworks.com,Female,4331
Giraldo,Heggison,gheggisona3@nydailynews.com,Bigender,2668
Teresina,Lissett,tlissetta4@un.org,Polygender,2800
Fran,Paffot,fpaffota5@ycombinator.com,Genderqueer,4146
Rustie,Callinan,rcallinana6@privacy.gov.au,Bigender,2772
Doralia,Cumbers,dcumbersa7@si.edu,Male,3837
Evin,Overlow,eoverlowa8@loc.gov,Agender,4250
Drew,Ciobotaro,dciobotaroa9@desdev.cn,Genderfluid,3001
Corney,De la Barre,cdelabarreaa@boston.com,Genderfluid,1741
Royce,Kermannes,rkermannesab@amazon.co.uk,Female,3628
Marvin,Frissell,mfrissellac@vkontakte.ru,Agender,3295
Kerry,Billyeald,kbillyealdad@loc.gov,Genderfluid,3946
Rita,Cullotey,rculloteyae@wisc.edu,Genderqueer,3898
Kennett,Sherreard,ksherreardaf@blog.com,Agender,1932
Devlen,Jirik,djirikag@google.fr,Polygender,2175
Sheeree,Siebert,ssiebertah@bbc.co.uk,Genderqueer,2509
Wynnie,Berzon,wberzonai@wisc.edu,Female,4310
Baron,Shaddock,bshaddockaj@clickbank.net,Male,1578
Dario,Shimon,dshimonak@typepad.com,Bigender,2998
Sissie,Barts,sbartsal@moonfruit.com,Agender,4657
Carmon,Eatock,ceatockam@cpanel.net,Male,4361
Vin,Wingrove,vwingrovean@opensource.org,Genderfluid,2837
Cullen,Strowther,cstrowtherao@ow.ly,Genderfluid,1696
Hill,Beadles,hbeadlesap@about.me,Genderfluid,4233
Raviv,Dragonette,rdragonetteaq@xrea.com,Genderqueer,3245
Mariejeanne,Bartosinski,mbartosinskiar@cloudflare.com,Agender,4359
Tiffy,Linnemann,tlinnemannas@usatoday.com,Agender,1686
Floris,Dampier,fdampierat@facebook.com,Agender,2003
Xena,Rugg,xruggau@devhub.com,Female,3232
Tymon,Tumioto,ttumiotoav@flavors.me,Non-binary,2650
Wenda,Fearn,wfearnaw@weebly.com,Genderfluid,2372
Carina,Bowhey,cbowheyax@list-manage.com,Female,3780
Kimbra,Bedlington,kbedlingtonay@howstuffworks.com,Genderqueer,2458
Rosabelle,Konertz,rkonertzaz@odnoklassniki.ru,Genderfluid,1864
Brewster,Fyers,bfyersb0@rakuten.co.jp,Genderfluid,2667
Shandee,Darlow,sdarlowb1@weather.com,Genderqueer,2474
Courtney,McJarrow,cmcjarrowb2@typepad.com,Polygender,1741
Moritz,Cardenoso,mcardenosob3@tumblr.com,Non-binary,4627
Val,Muddiman,vmuddimanb4@jiathis.com,Female,3581
Almeta,MacVicar,amacvicarb5@altervista.org,Female,2928
Glyn,Dundendale,gdundendaleb6@kickstarter.com,Male,2926
Sigfried,Pavett,spavettb7@feedburner.com,Genderfluid,3178
Lind,Coan,lcoanb8@time.com,Bigender,1642
Tommie,Rustich,trustichb9@mac.com,Female,4691
Garold,Cosgrave,gcosgraveba@china.com.cn,Bigender,4315
Mariam,Carmel,mcarmelbb@umn.edu,Female,4585
Reeva,Petrollo,rpetrollobc@naver.com,Non-binary,3211
Kurtis,Pinck,kpinckbd@dmoz.org,Bigender,2587
Joice,Stegell,jstegellbe@webs.com,Bigender,3484
Dillie,MacDavitt,dmacdavittbf@newyorker.com,Bigender,4427
Barnett,McGettigan,bmcgettiganbg@gnu.org,Agender,3741
Noellyn,de Verson,ndeversonbh@si.edu,Genderqueer,2053
Nathan,Halleday,nhalledaybi@ft.com,Genderqueer,1853
Vernor,Purser,vpurserbj@china.com.cn,Female,2004
Verina,Pauncefoot,vpauncefootbk@alibaba.com,Polygender,3721
Jodie,Stittle,jstittlebl@oaic.gov.au,Bigender,2686
Roma,Penright,rpenrightbm@cbslocal.com,Agender,4204
Darell,Greenrodd,dgreenroddbn@themeforest.net,Non-binary,3589
Jeno,Sibbet,jsibbetbo@sakura.ne.jp,Polygender,2419
Maureene,Chessel,mchesselbp@blogtalkradio.com,Genderqueer,3207
Xylina,Tweedell,xtweedellbq@drupal.org,Male,3747
Brendan,Merlin,bmerlinbr@pcworld.com,Genderqueer,4052
Mickie,Caulliere,mcaullierebs@myspace.com,Male,4339
Stanton,Cash,scashbt@icq.com,Agender,1561
Zea,Spain,zspainbu@theglobeandmail.com,Female,4569
Dalis,Arnaudon,darnaudonbv@people.com.cn,Bigender,2328
Brina,Thacker,bthackerbw@blogtalkradio.com,Agender,2508
Jessalyn,Lozano,jlozanobx@jigsy.com,Bigender,4234
Vivi,Doncom,vdoncomby@jugem.jp,Bigender,4317
Jaymie,Hillen,jhillenbz@slideshare.net,Female,2419
Vina,Tabram,vtabramc0@privacy.gov.au,Genderfluid,4098
Idelle,Cordero,icorderoc1@naver.com,Genderfluid,4239
Elvin,Abilowitz,eabilowitzc2@hugedomains.com,Non-binary,2677
Donal,Clooney,dclooneyc3@usgs.gov,Genderqueer,1549
Haley,Lethbrig,hlethbrigc4@oaic.gov.au,Female,1681
Carolina,Fittis,cfittisc5@twitpic.com,Genderqueer,1527
Eldredge,Bendare,ebendarec6@hatena.ne.jp,Agender,3840
Zonnya,Vasyutochkin,zvasyutochkinc7@is.gd,Agender,1790
Maressa,Ensley,mensleyc8@drupal.org,Polygender,4463
Bryn,Ralfe,bralfec9@squarespace.com,Polygender,1560
Christie,McKaile,cmckaileca@fema.gov,Bigender,1523
Ravid,Mockes,rmockescb@biglobe.ne.jp,Female,1771
Sigrid,Valencia,svalenciacc@nih.gov,Female,2658
Karlene,Carding,kcardingcd@storify.com,Male,3531
Bartolemo,Impy,bimpyce@bloglovin.com,Genderfluid,4694
Ethyl,Astles,eastlescf@bandcamp.com,Genderfluid,3045
Ines,Pawel,ipawelcg@cpanel.net,Non-binary,2196
Marcellina,Loades,mloadesch@ucoz.com,Male,3893
Nerty,Macauley,nmacauleyci@smugmug.com,Female,4234
Rhodia,Colam,rcolamcj@nifty.com,Polygender,4555
Mead,Wagstaffe,mwagstaffeck@goo.ne.jp,Genderqueer,3336
Nevil,Saddler,nsaddlercl@twitter.com,Polygender,2411
Christina,Ostler,costlercm@photobucket.com,Male,4450
Bebe,Dumbare,bdumbarecn@cdc.gov,Male,4033
Bret,Vallentin,bvallentinco@nba.com,Genderqueer,2936
Pandora,Solomon,psolomoncp@blogtalkradio.com,Polygender,4650
Irina,Lambden,ilambdencq@mapy.cz,Male,2769
Elvina,Umfrey,eumfreycr@omniture.com,Polygender,4011
Orton,Spaducci,ospaduccics@vk.com,Polygender,1984
Mack,Puddicombe,mpuddicombect@wikia.com,Agender,2390
Nichole,Michael,nmichaelcu@imgur.com,Non-binary,3196
Audry,Mulhill,amulhillcv@discuz.net,Genderfluid,1640
Mariele,Tibbs,mtibbscw@msu.edu,Female,3953
Opalina,Sleeford,osleefordcx@nba.com,Genderqueer,1706
Whitman,Abbot,wabbotcy@sphinn.com,Genderfluid,3929
Charmain,Trowell,ctrowellcz@cdc.gov,Male,2922
Rene,Goodday,rgooddayd0@usgs.gov,Genderfluid,3925
Burch,Band,bbandd1@naver.com,Non-binary,4366
Lonnie,Mullan,lmulland2@yale.edu,Genderfluid,2613
Marita,Frounks,mfrounksd3@cloudflare.com,Agender,3158
Zulema,Stanislaw,zstanislawd4@amazon.com,Male,4608
Greer,Rubanenko,grubanenkod5@mashable.com,Genderfluid,1650
Jo-anne,Jurick,jjurickd6@bluehost.com,Bigender,1926
Shelagh,Sides,ssidesd7@skype.com,Genderqueer,3207
Mead,Cripin,mcripind8@sogou.com,Polygender,4492
Theresa,Dring,tdringd9@1und1.de,Polygender,2815
Hattie,Jellicorse,hjellicorseda@eepurl.com,Agender,3533
Sherry,Volcker,svolckerdb@gov.uk,Agender,2826
Ado,Broadwood,abroadwooddc@washington.edu,Female,4224
Warde,Balch,wbalchdd@dot.gov,Genderqueer,2334
Geoff,Collacombe,gcollacombede@wiley.com,Agender,4241
Chen,Glede,cglededf@nymag.com,Bigender,3856
Mark,Fominov,mfominovdg@dmoz.org,Polygender,3638
Merl,Bartosek,mbartosekdh@go.com,Genderfluid,2688
Marlee,Geratt,mgerattdi@mac.com,Genderqueer,4462
Ketty,Witheridge,kwitheridgedj@bigcartel.com,Genderqueer,3021
Radcliffe,Dismore,rdismoredk@youku.com,Female,2948
Micaela,Hallmark,mhallmarkdl@shop-pro.jp,Female,3264
Isidoro,Dounbare,idounbaredm@economist.com,Non-binary,4296
Juanita,Errichelli,jerrichellidn@google.com.br,Polygender,2032
Matthieu,Dan,mdando@loc.gov,Non-binary,4572
Tine,Puddin,tpuddindp@livejournal.com,Genderfluid,3429
Nertie,Micklewright,nmicklewrightdq@jalbum.net,Female,2621
Zared,Hostan,zhostandr@unesco.org,Male,3029
Amanda,Parkeson,aparkesonds@japanpost.jp,Genderqueer,4031
Lilas,Plenty,lplentydt@prlog.org,Non-binary,4388
Alisun,Franca,afrancadu@yale.edu,Genderfluid,4323
Jourdan,Emerson,jemersondv@canalblog.com,Bigender,2993
Carlina,Worpole,cworpoledw@alexa.com,Agender,3126
Humberto,Churchward,hchurchwarddx@washington.edu,Agender,3556
Randall,Jeffcock,rjeffcockdy@oaic.gov.au,Genderqueer,2865
Chev,Sueter,csueterdz@bravesites.com,Female,3385
Karyl,Hadkins,khadkinse0@histats.com,Genderqueer,4266
Conchita,Coggin,ccoggine1@cbsnews.com,Genderfluid,4607
Jan,Gaskall,jgaskalle2@blogtalkradio.com,Genderfluid,3650
Yetty,Whimper,ywhimpere3@infoseek.co.jp,Genderqueer,1808
Evelin,Osmond,eosmonde4@oakley.com,Non-binary,2802
Erhard,McBrearty,emcbreartye5@ted.com,Genderfluid,4536
Cara,Castree,ccastreee6@dyndns.org,Genderfluid,2806
Ines,Daines,idainese7@intel.com,Bigender,3167
Brendin,Norsworthy,bnorsworthye8@hibu.com,Female,3685
Georgette,Organ,gorgane9@geocities.com,Female,4014
Hobie,Karys,hkarysea@ebay.com,Male,4549
Lorelei,Fownes,lfowneseb@aol.com,Genderfluid,2421
Afton,Iglesias,aiglesiasec@purevolume.com,Genderfluid,3478
Rodi,Hardey,rhardeyed@dyndns.org,Agender,2670
Tabby,Corroyer,tcorroyeree@biglobe.ne.jp,Agender,4498
Tildie,McQuode,tmcquodeef@psu.edu,Agender,4420
Geri,Dener,gdenereg@list-manage.com,Bigender,4137
Gib,Serle,gserleeh@moonfruit.com,Female,3455
Corilla,Gedney,cgedneyei@usgs.gov,Non-binary,4451
Wally,Swann,wswannej@japanpost.jp,Genderfluid,4015
Jarret,Josephsen,jjosephsenek@go.com,Male,3022
Jacquelyn,Marven,jmarvenel@army.mil,Agender,4557
Evangelina,Consterdine,econsterdineem@jalbum.net,Agender,2920
Etty,Comar,ecomaren@springer.com,Genderqueer,3143
Bessy,Dugall,bdugalleo@hibu.com,Genderfluid,4685
Mervin,Benfield,mbenfieldep@cmu.edu,Genderfluid,4122
Davine,Rowthorne,drowthorneeq@census.gov,Genderqueer,4371
Cart,Blakeney,cblakeneyer@time.com,Agender,2855
Donny,Grubbe,dgrubbees@latimes.com,Genderfluid,4605
Patrizio,Sharpley,psharpleyet@hugedomains.com,Genderqueer,2833
Jessika,Scudamore,jscudamoreeu@forbes.com,Bigender,2732
Nicola,Roads,nroadsev@jalbum.net,Bigender,3404
Noam,Gillatt,ngillattew@biblegateway.com,Genderfluid,4601
Joline,Smallman,jsmallmanex@live.com,Non-binary,2254
Arliene,Cuddon,acuddoney@abc.net.au,Agender,3693
Elliott,Hessentaler,ehessentalerez@pbs.org,Bigender,2811
Alvina,Schutte,aschuttef0@bluehost.com,Genderfluid,3870
Salomon,Dumini,sduminif1@devhub.com,Non-binary,3468
Trenna,Golston,tgolstonf2@flickr.com,Genderfluid,4392
Quinta,Larratt,qlarrattf3@php.net,Agender,4208
Charin,Ormrod,cormrodf4@bbc.co.uk,Female,2506
Sydelle,Jarmain,sjarmainf5@deliciousdays.com,Female,2800
Isa,Harbar,iharbarf6@earthlink.net,Male,3476
Andree,Larcier,alarcierf7@hp.com,Polygender,2484
Marrissa,Deex,mdeexf8@oakley.com,Genderqueer,4645
Perl,Boagey,pboageyf9@mapquest.com,Female,1873
Thekla,Pellamont,tpellamontfa@vkontakte.ru,Polygender,2651
Tomasine,Young,tyoungfb@blogspot.com,Genderfluid,3663
Lida,Rubinov,lrubinovfc@intel.com,Agender,2342
Andrus,Gillie,agilliefd@comcast.net,Non-binary,3698
Sukey,Jonk,sjonkfe@theatlantic.com,Polygender,3344
Ellery,Searson,esearsonff@chicagotribune.com,Male,3188
Abigale,Gear,agearfg@about.com,Genderqueer,4269
Ariadne,Laurens,alaurensfh@simplemachines.org,Genderfluid,4054
Hyacinthia,Stowers,hstowersfi@umn.edu,Agender,3223
Wayland,Faithfull,wfaithfullfj@msn.com,Male,4099
Faythe,Yakovich,fyakovichfk@taobao.com,Bigender,2794
Jocko,Kilmister,jkilmisterfl@home.pl,Polygender,4129
Estrellita,Turton,eturtonfm@phoca.cz,Male,3660
Berti,Higgen,bhiggenfn@wikia.com,Genderfluid,3032
Harmon,Sickert,hsickertfo@bravesites.com,Non-binary,1856
Kenneth,Aldwich,kaldwichfp@nytimes.com,Polygender,2774
Josi,Kardos,jkardosfq@gravatar.com,Non-binary,4097
Estelle,Downgate,edowngatefr@bravesites.com,Genderfluid,3096
Stacie,Eborall,seborallfs@fotki.com,Agender,4246
Bonnie,Trappe,btrappeft@go.com,Bigender,2753
Gwenora,Hackworthy,ghackworthyfu@dot.gov,Female,3798
Carissa,McCaskell,cmccaskellfv@paginegialle.it,Genderfluid,3438
Orlando,Buckingham,obuckinghamfw@ask.com,Polygender,4677
Lauree,Klassman,lklassmanfx@comsenz.com,Polygender,1553
Sorcha,Tomenson,stomensonfy@mail.ru,Genderfluid,3885
Sallyann,le Keux,slekeuxfz@cbsnews.com,Male,3485
Dulcia,Kindon,dkindong0@com.com,Agender,4149
Zuzana,Sieve,zsieveg1@cornell.edu,Agender,2417
Jacobo,Grabbam,jgrabbamg2@amazon.com,Male,2270
Marion,Bullivent,mbulliventg3@time.com,Polygender,2621
Homere,Iremonger,hiremongerg4@usa.gov,Non-binary,3762
Elita,Gandey,egandeyg5@latimes.com,Male,4158
Francyne,Rosita,frositag6@simplemachines.org,Bigender,4206
Irina,Cassey,icasseyg7@theguardian.com,Non-binary,2556
Twyla,Wix,twixg8@woothemes.com,Genderqueer,1901
Ambros,Grannell,agrannellg9@netscape.com,Bigender,3378
Olav,Bartolomeotti,obartolomeottiga@yellowpages.com,Non-binary,2525
Carol-jean,Shaughnessy,cshaughnessygb@admin.ch,Agender,3932
Dominic,Frossell,dfrossellgc@wiley.com,Polygender,4567
Emelina,Seater,eseatergd@wordpress.com,Polygender,4179
Caz,Webland,cweblandge@meetup.com,Polygender,2654
Portie,Klus,pklusgf@timesonline.co.uk,Genderfluid,3318
Maxy,Bergin,mbergingg@theglobeandmail.com,Polygender,2566
Gerri,Banes,gbanesgh@patch.com,Genderfluid,1603
Lou,Richel,lrichelgi@unblog.fr,Non-binary,3148
Johnathan,Beedle,jbeedlegj@feedburner.com,Bigender,2625
Mel,McKimmie,mmckimmiegk@wix.com,Genderfluid,2502
Roxanna,Darragh,rdarraghgl@comcast.net,Male,1531
Abeu,Pepperell,apepperellgm@gmpg.org,Bigender,3672
Gaye,Mosey,gmoseygn@ca.gov,Male,3404
Gwendolen,Lademann,glademanngo@51.la,Genderqueer,4342
Leigh,Denge,ldengegp@chicagotribune.com,Bigender,2354
Osbourne,Dowey,odoweygq@deviantart.com,Bigender,4539
Holden,Tomik,htomikgr@bravesites.com,Non-binary,3625
Tandi,Trowsdale,ttrowsdalegs@google.com.br,Female,2560
Avery,Celier,aceliergt@netscape.com,Male,4531
Willdon,Chillingworth,wchillingworthgu@google.pl,Genderqueer,4673
Kermy,Peddar,kpeddargv@yolasite.com,Non-binary,4540
Hynda,Mault,hmaultgw@slate.com,Non-binary,3722
Cyril,Beagen,cbeagengx@wikimedia.org,Non-binary,3725
Geralda,Norres,gnorresgy@etsy.com,Genderqueer,2549
Meryl,Giral,mgiralgz@qq.com,Genderfluid,2343
Clint,Cayton,ccaytonh0@weibo.com,Bigender,3874
Huntley,Pettwood,hpettwoodh1@mediafire.com,Polygender,2139
Bary,Fragino,bfraginoh2@surveymonkey.com,Female,3157
Yank,Wallenger,ywallengerh3@ucoz.com,Genderfluid,3400
Rowland,Bigglestone,rbigglestoneh4@ihg.com,Genderqueer,3769
Eadie,Nanson,enansonh5@indiatimes.com,Polygender,3201
Verla,Measen,vmeasenh6@canalblog.com,Non-binary,2379
Cassandra,Codling,ccodlingh7@fema.gov,Agender,4045
Minerva,Braune,mbrauneh8@paginegialle.it,Non-binary,3437
Jules,Wornum,jwornumh9@domainmarket.com,Bigender,1726
Martino,Challiss,mchallissha@opensource.org,Non-binary,1737
Craggy,Champness,cchampnesshb@is.gd,Bigender,3383
Gabie,Graybeal,ggraybealhc@ask.com,Genderqueer,3300
Horatio,Reinbech,hreinbechhd@ycombinator.com,Female,4531
Evangelia,Casebourne,ecasebournehe@va.gov,Bigender,2327
Giusto,Candy,gcandyhf@discuz.net,Female,4587
Beverley,Wheatcroft,bwheatcrofthg@ucla.edu,Polygender,3760
Veronike,Tutton,vtuttonhh@techcrunch.com,Genderfluid,3997
Dewitt,Robbert,drobberthi@dagondesign.com,Polygender,2397
Ibby,Duddan,iduddanhj@squarespace.com,Bigender,3454
Ania,Rochester,arochesterhk@statcounter.com,Female,1721
Sela,Hammerstone,shammerstonehl@slideshare.net,Genderqueer,2392
Rolfe,Venner,rvennerhm@timesonline.co.uk,Male,2287
Tibold,Lamswood,tlamswoodhn@economist.com,Agender,4667
Pavlov,Farman,pfarmanho@miibeian.gov.cn,Non-binary,3346
Nadean,Glentworth,nglentworthhp@wikispaces.com,Agender,2365
Melinda,Le Provost,mleprovosthq@jimdo.com,Polygender,2888
Janey,Woodburn,jwoodburnhr@artisteer.com,Agender,3728
Glynn,Finch,gfinchhs@ezinearticles.com,Agender,4317
Ulises,Kleinbaum,ukleinbaumht@wufoo.com,Agender,4433
Cazzie,Brigge,cbriggehu@xrea.com,Non-binary,4371
Linn,Frangleton,lfrangletonhv@mapy.cz,Female,2311
Nick,Garrish,ngarrishhw@freewebs.com,Non-binary,2668
Barbara,Crocombe,bcrocombehx@yolasite.com,Polygender,2063
Petra,Knagges,pknaggeshy@discuz.net,Agender,2237
Meryl,Von Hindenburg,mvonhindenburghz@latimes.com,Non-binary,3803
Bethany,Gamett,bgametti0@shinystat.com,Non-binary,2787
Carin,Luton,clutoni1@booking.com,Genderqueer,3684
Hart,Fawkes,hfawkesi2@google.ru,Male,2597
Christy,Rodda,croddai3@istockphoto.com,Male,3893
Bride,Loadsman,bloadsmani4@domainmarket.com,Male,4440
Antonio,Hum,ahumi5@phoca.cz,Genderfluid,2408
Mariya,Pennycuick,mpennycuicki6@ft.com,Agender,4501
Bernice,Riddington,briddingtoni7@phpbb.com,Polygender,1884
Ezra,Seally,eseallyi8@tumblr.com,Female,3159
Valentijn,Gong,vgongi9@wordpress.com,Male,1853
Georg,Awdry,gawdryia@home.pl,Female,2432
Putnem,Osan,posanib@flickr.com,Male,2648
Georg,Souttar,gsouttaric@apache.org,Bigender,2718
Lauralee,Shiers,lshiersid@multiply.com,Genderqueer,4347
Mendel,Jeakins,mjeakinsie@skype.com,Polygender,3594
Leonhard,Abley,lableyif@hhs.gov,Female,3351
Skelly,Mountcastle,smountcastleig@123-reg.co.uk,Agender,3323
Seline,Beeston,sbeestonih@cornell.edu,Polygender,3720
Fanni,Sandy,fsandyii@theglobeandmail.com,Polygender,2034
Aron,Tutchings,atutchingsij@amazon.co.uk,Bigender,3032
Salome,Allbrook,sallbrookik@addtoany.com,Female,2102
Annora,Middas,amiddasil@etsy.com,Female,1676
Demetra,Pullinger,dpullingerim@1688.com,Male,1777
Haven,Davey,hdaveyin@reuters.com,Polygender,2050
Ellis,Quayle,equayleio@cmu.edu,Polygender,1793
Carlyn,Pacheco,cpachecoip@photobucket.com,Genderqueer,4605
Charlton,Whatling,cwhatlingiq@hugedomains.com,Genderfluid,1565
Hannie,Coniam,hconiamir@amazon.de,Polygender,3168
Whitney,Mathe,wmatheis@shareasale.com,Non-binary,1727
Kandace,Haylor,khaylorit@wisc.edu,Genderfluid,1865
Griffy,Christoffels,gchristoffelsiu@constantcontact.com,Non-binary,2110
Beckie,Mc Comb,bmccombiv@bloglines.com,Non-binary,2972
Cash,Surmon,csurmoniw@deliciousdays.com,Genderfluid,4498
Dayle,Asher,dasherix@ask.com,Female,2663
Isahella,Chelsom,ichelsomiy@friendfeed.com,Polygender,1673
Hortensia,Penright,hpenrightiz@google.nl,Agender,1508
Whittaker,Gavan,wgavanj0@eventbrite.com,Genderfluid,2139
Dewie,Boocock,dboocockj1@addthis.com,Male,1755
Vinny,Rymill,vrymillj2@pbs.org,Male,4588
Domeniga,Hessing,dhessingj3@cloudflare.com,Non-binary,3878
Alberik,Casini,acasinij4@tmall.com,Non-binary,2718
Tatum,Thoma,tthomaj5@europa.eu,Female,2802
Arlen,Antonignetti,aantonignettij6@prweb.com,Non-binary,2396
Eadie,Dallosso,edallossoj7@people.com.cn,Female,4700
Clarabelle,Synke,csynkej8@skyrock.com,Agender,1818
Meagan,Breckell,mbreckellj9@privacy.gov.au,Agender,3330
Theodora,Grcic,tgrcicja@biblegateway.com,Genderfluid,3797
Wendel,Langtry,wlangtryjb@jigsy.com,Male,4583
Violante,Dodle,vdodlejc@scientificamerican.com,Female,1756
Ashlin,Adkin,aadkinjd@google.com.au,Polygender,2559
Lynnea,MacClay,lmacclayje@vimeo.com,Polygender,4424
Ellis,Merrikin,emerrikinjf@bloomberg.com,Non-binary,4343
Wilek,Hassin,whassinjg@trellian.com,Non-binary,2488
Amara,Olive,aolivejh@cbslocal.com,Bigender,3478
Deonne,Jarret,djarretji@who.int,Genderfluid,4150
Ilyssa,Hinsche,ihinschejj@dell.com,Female,1872
Natala,Bilsford,nbilsfordjk@google.co.jp,Polygender,3669
Bonnie,Carville,bcarvillejl@columbia.edu,Female,3986
Marcus,Collaton,mcollatonjm@angelfire.com,Non-binary,4098
Norene,Sollom,nsollomjn@guardian.co.uk,Non-binary,3913
Nelie,Deakin,ndeakinjo@bloglines.com,Female,4277
Callie,Waghorn,cwaghornjp@jalbum.net,Female,3866
Jaymie,Haddow,jhaddowjq@comcast.net,Agender,2104
Karissa,Roscoe,kroscoejr@list-manage.com,Male,2025
Wolfie,Twort,wtwortjs@amazonaws.com,Bigender,3378
Windham,Stearn,wstearnjt@accuweather.com,Non-binary,3248
Wells,Aldwich,waldwichju@cmu.edu,Male,4514
Shelby,Bamell,sbamelljv@berkeley.edu,Genderqueer,2532
Rubin,Crighton,rcrightonjw@jalbum.net,Bigender,3721
Brittne,Forder,bforderjx@si.edu,Genderfluid,4299
Waverly,Douberday,wdouberdayjy@reddit.com,Genderfluid,4054
Stanford,Manolov,smanolovjz@cornell.edu,Genderfluid,1823
Roch,Redmille,rredmillek0@list-manage.com,Bigender,1982
Una,Mallabone,umallabonek1@tuttocitta.it,Bigender,2156
Merrill,Norledge,mnorledgek2@rakuten.co.jp,Agender,2720
Janessa,Rottgers,jrottgersk3@macromedia.com,Genderqueer,1638
Hazlett,Piel,hpielk4@prnewswire.com,Bigender,4563
Martguerita,Schelle,mschellek5@sciencedirect.com,Male,4279
Goldie,Giuroni,ggiuronik6@mit.edu,Genderqueer,2887
Liesa,Naerup,lnaerupk7@wikimedia.org,Male,4118
Drona,Malpass,dmalpassk8@t-online.de,Female,4686
Wittie,Durrell,wdurrellk9@tiny.cc,Male,3587
Babita,Pickrill,bpickrillka@prweb.com,Polygender,4264
Carly,Winspeare,cwinspearekb@myspace.com,Agender,2746
Ethel,Aldred,ealdredkc@histats.com,Polygender,1819
Rhonda,Marconi,rmarconikd@wikispaces.com,Genderqueer,4492
Reidar,Muslim,rmuslimke@gnu.org,Bigender,3545
Kerby,Harrisson,kharrissonkf@jigsy.com,Agender,3598
Rosemaria,Bows,rbowskg@123-reg.co.uk,Genderfluid,1761
Ki,Durtnell,kdurtnellkh@wunderground.com,Agender,2310
Llewellyn,Haukey,lhaukeyki@addthis.com,Polygender,3620
Lavinie,Licence,llicencekj@abc.net.au,Male,3949
Fanchon,McKeeman,fmckeemankk@mapquest.com,Agender,3576
Ethelbert,Thorsen,ethorsenkl@wikimedia.org,Male,3849
Helga,Hanway,hhanwaykm@time.com,Agender,4327
Rosamond,Chalder,rchalderkn@businesswire.com,Agender,1711
Rusty,Blackey,rblackeyko@usda.gov,Genderqueer,4494
Ashby,Dargan,adargankp@tinyurl.com,Agender,3009
Patti,Lardeux,plardeuxkq@quantcast.com,Non-binary,4166
Maddy,Pinsent,mpinsentkr@gizmodo.com,Female,3292
Ralf,Frensch,rfrenschks@bloomberg.com,Genderqueer,4176
Skipp,Ditzel,sditzelkt@indiegogo.com,Agender,1781
Maryjo,Vondrak,mvondrakku@gmpg.org,Female,2689
Tadeo,Dun,tdunkv@nsw.gov.au,Bigender,1776
Kahlil,Hebble,khebblekw@springer.com,Male,3978
Carmelle,Chalfant,cchalfantkx@discovery.com,Genderfluid,2307
Jervis,Bentame,jbentameky@chronoengine.com,Genderqueer,3003
Dacia,Muffitt,dmuffittkz@devhub.com,Genderqueer,4011
Aubrey,Klus,aklusl0@yellowpages.com,Genderfluid,2437
Saba,Heake,sheakel1@cbslocal.com,Bigender,2212
Franni,Faldoe,ffaldoel2@uol.com.br,Non-binary,2926
Colan,MacCaughey,cmaccaugheyl3@hibu.com,Female,3010
Peria,Guillet,pguilletl4@nps.gov,Genderfluid,3196
Marnia,Lillie,mlilliel5@sina.com.cn,Female,2397
Gilbertina,Goligher,ggoligherl6@google.co.uk,Genderqueer,2569
Ciro,Alforde,calfordel7@jigsy.com,Polygender,3286
Evita,Corley,ecorleyl8@springer.com,Agender,2377
Nettie,Hildred,nhildredl9@ted.com,Non-binary,2452
Gerard,Yeudall,gyeudallla@networkadvertising.org,Genderfluid,2814
Arlen,Sleeman,asleemanlb@amazon.co.jp,Non-binary,2860
Marshall,Angel,mangellc@nydailynews.com,Non-binary,2438
Aleen,Gisby,agisbyld@japanpost.jp,Non-binary,3665
Rosalinde,Daughton,rdaughtonle@imdb.com,Agender,2417
Michelle,D'Aeth,mdaethlf@tinyurl.com,Genderfluid,4456
Thedric,Deverille,tdeverillelg@ehow.com,Agender,3332
Bud,Glasper,bglasperlh@jiathis.com,Bigender,4521
Dyanna,Kears,dkearsli@ox.ac.uk,Genderfluid,4109
Prissie,Mathwin,pmathwinlj@cam.ac.uk,Agender,1568
Charita,Seakin,cseakinlk@cpanel.net,Genderqueer,3285
Abbe,Quiddinton,aquiddintonll@epa.gov,Agender,3735
Jackie,Whylie,jwhylielm@networksolutions.com,Non-binary,3191
Melloney,Drohane,mdrohaneln@answers.com,Genderfluid,2133
Brandy,Hughlin,bhughlinlo@angelfire.com,Genderfluid,2478
Katy,Muckart,kmuckartlp@miitbeian.gov.cn,Polygender,3516
Rip,Monan,rmonanlq@chron.com,Female,4296
Baxy,Leathlay,bleathlaylr@com.com,Polygender,4448
Rosaline,Rozanski,rrozanskils@skyrock.com,Genderqueer,4685
Cullan,Tie,ctielt@technorati.com,Genderfluid,3527
Idelle,Sadgrove,isadgrovelu@upenn.edu,Genderqueer,1589
Stanleigh,Vassar,svassarlv@foxnews.com,Female,4469
Jeramey,Keitch,jkeitchlw@weather.com,Agender,1713
Hans,Dytham,hdythamlx@princeton.edu,Bigender,3348
Gill,Clerke,gclerkely@ning.com,Agender,2243
Lula,Filchakov,lfilchakovlz@ovh.net,Non-binary,2068
Hedda,Thewles,hthewlesm0@nba.com,Polygender,4475
Tonnie,Keedy,tkeedym1@themeforest.net,Genderfluid,2154
Emmott,Chrichton,echrichtonm2@lulu.com,Male,3358
Ferd,Bucktharp,fbucktharpm3@dyndns.org,Genderqueer,1758
Olympe,Hosburn,ohosburnm4@etsy.com,Agender,2999
Rudiger,Sher,rsherm5@netscape.com,Bigender,2969
Alyosha,Shearn,ashearnm6@nsw.gov.au,Polygender,2490
Buckie,Beautyman,bbeautymanm7@mit.edu,Genderqueer,4109
Lanny,Iddons,liddonsm8@odnoklassniki.ru,Genderqueer,4242
Maisey,Lysaght,mlysaghtm9@angelfire.com,Genderfluid,2906
Jeanie,Auchterlonie,jauchterloniema@ft.com,Agender,4247
Dallas,Toffalo,dtoffalomb@networkadvertising.org,Genderfluid,2318
Berti,Barkhouse,bbarkhousemc@state.gov,Polygender,1973
Marysa,Paireman,mpairemanmd@globo.com,Male,4173
Zebulon,Champken,zchampkenme@elegantthemes.com,Female,2287
Marco,Tilbrook,mtilbrookmf@homestead.com,Agender,3522
Greer,Crusham,gcrushammg@sciencedirect.com,Male,1976
Rochester,Eskrigge,reskriggemh@imageshack.us,Agender,4691
Isa,Sans,isansmi@edublogs.org,Agender,2914
Georgina,Guslon,gguslonmj@chronoengine.com,Polygender,3117
Hort,MacCardle,hmaccardlemk@bloglines.com,Agender,4472
Saloma,Booeln,sbooelnml@foxnews.com,Genderfluid,1874
Silvester,Lies,sliesmm@netvibes.com,Bigender,4389
Guendolen,Luddy,gluddymn@topsy.com,Genderqueer,1933
Josy,Rice,jricemo@about.com,Agender,2014
Demott,Baudin,dbaudinmp@weebly.com,Male,2150
Shermy,enzley,senzleymq@indiatimes.com,Polygender,3166
Hailey,Oris,horismr@china.com.cn,Non-binary,3909
Cherilynn,Mugleston,cmuglestonms@independent.co.uk,Non-binary,3624
Dody,Janauschek,djanauschekmt@telegraph.co.uk,Polygender,4110
Stephannie,Sheavills,ssheavillsmu@canalblog.com,Non-binary,3318
Hayden,Tumility,htumilitymv@altervista.org,Agender,1765
Almeda,Pache,apachemw@wordpress.com,Non-binary,1711
Roddy,Bollam,rbollammx@washingtonpost.com,Bigender,3887
Sol,Greatrex,sgreatrexmy@php.net,Genderfluid,1829
Gordon,Polino,gpolinomz@wp.com,Bigender,3734
Genevra,Kirwood,gkirwoodn0@yolasite.com,Non-binary,4223
Lexie,Dobell,ldobelln1@blogger.com,Genderqueer,3394
Tonya,Dursley,tdursleyn2@php.net,Male,1906
Hershel,Beverage,hbeveragen3@skyrock.com,Non-binary,2358
Cheston,Moncrefe,cmoncrefen4@opensource.org,Female,2289
Orv,Clemont,oclemontn5@prweb.com,Agender,2267
Davin,Masserel,dmassereln6@netvibes.com,Bigender,2572
Del,Belin,dbelinn7@unblog.fr,Genderfluid,2345
Ferdy,Hum,fhumn8@webmd.com,Female,2864
Jewelle,Breese,jbreesen9@edublogs.org,Genderfluid,3549
Leif,Langridge,llangridgena@patch.com,Male,3508
Myrtice,Melding,mmeldingnb@china.com.cn,Non-binary,3801
Akim,Colliar,acolliarnc@symantec.com,Bigender,2176
Friedrich,Sarle,fsarlend@hp.com,Male,2870
Regan,Renforth,rrenforthne@google.com.hk,Female,2666
Dina,Chamberlen,dchamberlennf@virginia.edu,Genderqueer,2746
Salomi,Spirit,sspiritng@hugedomains.com,Female,1905
Adlai,Peattie,apeattienh@msn.com,Non-binary,3800
Ruperta,Cauthra,rcauthrani@google.com,Bigender,3161
Margaretta,Mercer,mmercernj@i2i.jp,Genderfluid,4689
Sonny,Laundon,slaundonnk@tiny.cc,Genderqueer,4271
Donnie,Howsego,dhowsegonl@shutterfly.com,Non-binary,1669
Niels,MacGeaney,nmacgeaneynm@walmart.com,Bigender,2731
Tarrah,Bilsland,tbilslandnn@illinois.edu,Male,1669
Doro,Phillips,dphillipsno@reference.com,Female,3450
Louisette,Casetti,lcasettinp@indiatimes.com,Genderfluid,2201
Bartolomeo,Ryland,brylandnq@google.com.au,Female,2924
Tim,Cafe,tcafenr@timesonline.co.uk,Bigender,1982
Jehanna,McConnal,jmcconnalns@weebly.com,Genderfluid,3908
Marie-ann,Pentland,mpentlandnt@sciencedaily.com,Genderqueer,4555
Mollie,Reina,mreinanu@lycos.com,Agender,3766
Miles,Twelvetrees,mtwelvetreesnv@foxnews.com,Non-binary,3279
Tobiah,Peschet,tpeschetnw@edublogs.org,Genderfluid,4207
Dix,Claffey,dclaffeynx@cnet.com,Genderqueer,4132
Lethia,Totman,ltotmanny@wordpress.org,Agender,2181
Ian,MacGarvey,imacgarveynz@1688.com,Genderfluid,1915
Elvina,Edwardes,eedwardeso0@github.com,Polygender,3609
Jennee,Ritchie,jritchieo1@scribd.com,Polygender,2551
Diena,Reddoch,dreddocho2@jalbum.net,Genderqueer,2274
Carlin,Dominique,cdominiqueo3@tinyurl.com,Non-binary,3954
Mallory,Bogays,mbogayso4@apache.org,Genderqueer,4243
Bertie,Bellon,bbellono5@spotify.com,Genderfluid,2886
Gerik,Youel,gyouelo6@histats.com,Female,3841
Frances,Boskell,fboskello7@marriott.com,Agender,4635
Zonda,Martini,zmartinio8@themeforest.net,Female,2327
Ermina,McGarahan,emcgarahano9@hc360.com,Polygender,2348
Carey,Rizzini,crizzinioa@ucla.edu,Genderfluid,2959
Selma,Gothrup,sgothrupob@infoseek.co.jp,Bigender,2290
Margo,Loins,mloinsoc@fotki.com,Genderqueer,3691
Karrah,Gabbot,kgabbotod@zdnet.com,Genderfluid,2761
Herminia,Hanhard,hhanhardoe@newyorker.com,Bigender,4386
Lindsay,Asch,laschof@webnode.com,Male,2278
Forrest,Tuffell,ftuffellog@japanpost.jp,Male,2534
Alfie,Macourek,amacourekoh@youtu.be,Bigender,2419
Marney,Ruscoe,mruscoeoi@yale.edu,Female,2927
Alphonso,Hayle,ahayleoj@amazonaws.com,Male,1821
Belinda,Heugh,bheughok@blogspot.com,Non-binary,3544
Glennis,McGoon,gmcgoonol@cnbc.com,Female,2732
Meredith,Dumingo,mdumingoom@sfgate.com,Agender,3564
Tobit,Longmore,tlongmoreon@nydailynews.com,Female,3505
Francklin,Peckham,fpeckhamoo@themeforest.net,Agender,3177
Baxie,Hazle,bhazleop@about.me,Genderqueer,3374
Caroljean,Mc Harg,cmchargoq@nbcnews.com,Male,2011
Jobyna,Dymock,jdymockor@joomla.org,Male,4623
Robinet,Burstow,rburstowos@prlog.org,Bigender,4699
Lenee,Jewster,ljewsterot@mapquest.com,Female,2160
Alvy,Barstock,abarstockou@wufoo.com,Male,2601
Yuma,Frayling,yfraylingov@alibaba.com,Genderqueer,3601
Eileen,Hucke,ehuckeow@nifty.com,Polygender,3730
Ossie,MacIntyre,omacintyreox@joomla.org,Genderqueer,4660
Manya,Gilders,mgildersoy@tinypic.com,Polygender,2027
Beaufort,Middlemiss,bmiddlemissoz@amazon.co.uk,Male,4373
Natasha,Gravey,ngraveyp0@edublogs.org,Non-binary,2556
Kassia,Normavill,knormavillp1@google.com.hk,Polygender,4403
Aubine,Filkov,afilkovp2@blogspot.com,Polygender,2573
Winston,Clowley,wclowleyp3@list-manage.com,Genderfluid,2588
Larina,Kingshott,lkingshottp4@indiatimes.com,Bigender,4422
Abdel,Morot,amorotp5@mozilla.com,Polygender,3861
Lynnette,Habin,lhabinp6@angelfire.com,Polygender,2619
Tiphani,Paddick,tpaddickp7@cnet.com,Polygender,1635
Anna-diane,Brunt,abruntp8@multiply.com,Male,1698
Garrot,Meldon,gmeldonp9@shinystat.com,Polygender,3614
Elroy,Eardley,eeardleypa@xrea.com,Female,1550
Perkin,Sarrell,psarrellpb@mashable.com,Polygender,2635
Annaliese,Abrahamoff,aabrahamoffpc@reference.com,Non-binary,2267
Peta,Iacovides,piacovidespd@hao123.com,Genderfluid,3490
Gustav,Sieve,gsievepe@ibm.com,Polygender,3575
Muire,Turnock,mturnockpf@canalblog.com,Male,3176
Starlene,Phipps,sphippspg@wsj.com,Agender,2184
Karol,Scanterbury,kscanterburyph@1688.com,Genderqueer,4544
Candy,Winborn,cwinbornpi@twitter.com,Agender,2490
Cointon,Boorn,cboornpj@amazonaws.com,Female,3923
Gerardo,Weinberg,gweinbergpk@jalbum.net,Polygender,3678
Wyatan,Joriot,wjoriotpl@sogou.com,Polygender,2807
Yelena,Davidovsky,ydavidovskypm@furl.net,Genderfluid,1920
Linnet,Coules,lcoulespn@aboutads.info,Polygender,2294
Truda,Burder,tburderpo@npr.org,Bigender,2944
Maris,Carlsen,mcarlsenpp@ocn.ne.jp,Agender,1607
Verina,Critchard,vcritchardpq@usa.gov,Bigender,4383
Seymour,Kordes,skordespr@multiply.com,Bigender,4216
Margery,Doone,mdooneps@istockphoto.com,Polygender,3904
Barde,Statham,bstathampt@rakuten.co.jp,Bigender,2679
Dorena,Lowey,dloweypu@cyberchimps.com,Female,1575
Roth,Storms,rstormspv@over-blog.com,Female,2628
Cassi,Boomes,cboomespw@shareasale.com,Agender,3424
Constanta,Coleiro,ccoleiropx@nps.gov,Male,1946
Willabella,Petto,wpettopy@prweb.com,Non-binary,3143
Mickie,Mitchenson,mmitchensonpz@google.cn,Genderfluid,2162
Birdie,Mountstephen,bmountstephenq0@diigo.com,Genderfluid,3086
Ogdan,Cosby,ocosbyq1@accuweather.com,Agender,3514
Mathian,Manvelle,mmanvelleq2@redcross.org,Polygender,3904
Aldric,Faltin,afaltinq3@ted.com,Genderfluid,2725
Von,Carlin,vcarlinq4@ask.com,Genderfluid,4540
Corina,MacNess,cmacnessq5@altervista.org,Female,3563
Daryn,Skottle,dskottleq6@ehow.com,Bigender,4487
Maribelle,Dallmann,mdallmannq7@wunderground.com,Bigender,1971
Langsdon,Pehrsson,lpehrssonq8@mayoclinic.com,Genderfluid,2339
Jamima,Lindores,jlindoresq9@imageshack.us,Polygender,1958
Morena,Filimore,mfilimoreqa@state.tx.us,Female,4589
Adda,Lucio,alucioqb@businesswire.com,Polygender,2160
Illa,Le Brun,ilebrunqc@tinyurl.com,Genderfluid,2902
Henriette,Birdseye,hbirdseyeqd@dropbox.com,Bigender,2195
Constantin,Medforth,cmedforthqe@chicagotribune.com,Bigender,3456
Frazer,Knappitt,fknappittqf@cmu.edu,Genderfluid,1799
Elwood,Hendriks,ehendriksqg@addthis.com,Male,4062
Ransell,Howitt,rhowittqh@pen.io,Genderqueer,4670
Cathee,Verner,cvernerqi@cloudflare.com,Non-binary,4077
Whit,Shemming,wshemmingqj@dell.com,Genderqueer,2659
Salvador,Vina,svinaqk@hatena.ne.jp,Polygender,1847
Eryn,Hinze,ehinzeql@umn.edu,Genderfluid,4121
Joell,Cracknall,jcracknallqm@google.de,Agender,4309
Susanetta,Jedrzejczak,sjedrzejczakqn@virginia.edu,Male,1768
Diane-marie,Chiverstone,dchiverstoneqo@patch.com,Genderfluid,4215
Kenton,Phifer,kphiferqp@rambler.ru,Genderfluid,3003
Bobbi,Hanse,bhanseqq@desdev.cn,Polygender,2347
Pen,Leagas,pleagasqr@homestead.com,Genderqueer,1639
Alberta,Rubes,arubesqs@about.me,Male,4509
Holly,Sturror,hsturrorqt@biblegateway.com,Agender,2521
Thorny,Tibalt,ttibaltqu@oracle.com,Non-binary,1926
Garland,Barthorpe,gbarthorpeqv@scribd.com,Polygender,3273
Orlando,Fauning,ofauningqw@shop-pro.jp,Genderqueer,3300
Natalya,Teasey,nteaseyqx@parallels.com,Bigender,2524
Kerwin,Bengtsson,kbengtssonqy@reference.com,Agender,2238
Sloan,Harcus,sharcusqz@hao123.com,Genderqueer,4086
Yoshi,Petrozzi,ypetrozzir0@usa.gov,Bigender,4479
Renault,Siggs,rsiggsr1@dropbox.com,Female,2053
Jordain,Oldfield-Cherry,joldfieldcherryr2@wikia.com,Genderfluid,1713
Myrle,Teaz,mteazr3@archive.org,Non-binary,3290
Jamima,Dare,jdarer4@who.int,Male,3796
Amara,Embery,aemberyr5@europa.eu,Genderqueer,4162
Jannel,Carnie,jcarnier6@pcworld.com,Male,2615
Curr,Lapsley,clapsleyr7@skyrock.com,Polygender,2719
Doloritas,Lerer,dlererr8@nymag.com,Genderfluid,3032
Rem,Canepe,rcaneper9@meetup.com,Bigender,3398
Lynea,Savile,lsavilera@unicef.org,Bigender,2190
Corby,Goucher,cgoucherrb@cnn.com,Agender,2615
Kayley,Semered,ksemeredrc@sakura.ne.jp,Genderqueer,1861
Elmo,Gover,egoverrd@usnews.com,Genderfluid,3960
Ingar,Towriss,itowrissre@networksolutions.com,Non-binary,4514
Tedman,Inch,tinchrf@angelfire.com,Genderqueer,3372
Celestia,Cestard,ccestardrg@ftc.gov,Non-binary,4664
Garald,Benkhe,gbenkherh@shareasale.com,Genderqueer,1750
Tillie,Ingarfill,tingarfillri@slate.com,Polygender,2410
Alleen,Rickerd,arickerdrj@ameblo.jp,Bigender,4177
Toinette,Praten,tpratenrk@fc2.com,Non-binary,3874
Lauraine,Greeding,lgreedingrl@wisc.edu,Female,2071
L;urette,Dameisele,ldameiselerm@toplist.cz,Agender,4427
Evangelina,Rafe,erafern@reuters.com,Non-binary,1999
Heda,Hinckley,hhinckleyro@bloglines.com,Bigender,3203
Adoree,McLoughlin,amcloughlinrp@etsy.com,Non-binary,2520
Gilberto,Tranckle,gtrancklerq@wikipedia.org,Non-binary,1742
Borden,Seebright,bseebrightrr@forbes.com,Non-binary,1735
